Mutation,B1.618,B1.617.3,B1.617.2,B1.617.1,Mayotte,AP.1 - Wales,AT.1 - St Petersburg,B.1.214.2 - Belgium,B.1.620 - Global, B.1.1.318 - Global,Rio de jeneiro,Philippines,Brittany,Uganda,B.1.1.519,NewYork,Global,California.1427,California,Brazil,SA,UK
H69del (S),,,,,,,,,,,,,,,,,B.1.525,,,,,B.1.1.7
V70del (S),,,,,,,,,,,,,,,,,B.1.525,,,,,B.1.1.7
Y144Del (S),,,,,,,,,,,,,20C/H655Y - Brittany,,,,B.1.525,,,,,B.1.1.7
N501Y (S),,,,,,,,,,,,,,,,,,,,P.1,B.1.351,B.1.1.7
A570D (S),,,,,,,,,,,,,,,,,,,,,,B.1.1.7
P681H (S),,,,,,,,,,,,,,,,,,,,,,B.1.1.7
T716I (S),,,,,,,,,,,,,,,,,,,,,,B.1.1.7
S982A (S),,,,,,,,,,,,,,,,,,,,,,B.1.1.7
D1118H (S),,,,,,,,,,,,,,,,,,,,,,B.1.1.7
Q27* (ORF8),,,,,,,,,,,,,,,,,,,,,,B.1.1.7
R52I (ORF8),,,,,,,,,,,,,,,,,,,,,,B.1.1.7
Y73C (ORF8),,,,,,,,,,,,,,,,,,,,,,B.1.1.7
D3L (N),,,,,,,,,,,,,,,,,,,,,,B.1.1.7
S235F (N),,,,,,,,,,,,,,,,,,,,,,B.1.1.7
A890D (NSP3),,,,,,,,,,,,,,,,,,,,,,B.1.1.7
T183I (NSP3),,,,,,,,,,,,,,,,,,,,,,B.1.1.7
I1412T (NSP3),,,,,,,,,,,,,,,,,,,,,,B.1.1.7
S106del (NSP6),,,,,,,,,B.1.620 - Global, B.1.1.318 - Global,,,,,,B.1.526,,,,P.1,B.1.351,B.1.1.7
G107del (NSP6),,,,,,,,,B.1.620 - Global, B.1.1.318 - Global,,,,,,B.1.526,,,,P.1,B.1.351,B.1.1.7
F108del (NSP6),,,,,,,,,B.1.620 - Global, B.1.1.318 - Global,,,,,,B.1.526,,,,P.1,B.1.351,B.1.1.7
D80A (S),,,,,,,,,,,,,,,,,,,,,B.1.351,
D215G (S),,,,,,,,,,,,,20C/H655Y - Brittany,,,,,,,,B.1.351,
L241del (S),,,,,,,,,,,,,,,,,,,,,B.1.351,
L242del (S),,,,,,,,,B.1.620 - Global,,,,,,,,,,,,B.1.351,
A243del (S),,,,,,,,,B.1.620 - Global,,,,,,,,,,,,B.1.351,
K417N (S),,,,,,,,,,,,,,,,,,,,,B.1.351,
E484K (S),,,,,,,,,,,,,,,,B.1.526,B.1.525,,,P.1,B.1.351,
A701V (S),,,,,,,,,,,,,,,,B.1.526,,,,,B.1.351,
S171L (ORF3a),,,,,,,,,,,,,,,,,,,,,B.1.351,
T205I (N),,,,,,,,,,,,,,,,,B.1.525,,,,B.1.351,
P71L (S),,,,,,,,,,,,,,,,,,,,,B.1.351,
T85I (NSP2),,,,,,,,,,,,,20C/H655Y - Brittany,,,B.1.526,,B.1.427,B.1.429,,B.1.351,
Q57H (ORF3a),,,,,,,,,,,,,20C/H655Y - Brittany,,,B.1.526,,B.1.427,B.1.429,,B.1.351,
K90R (NSP5),,,,,,,,,,,,,,,,,,,,,B.1.351,
"g174t (""5' UTR"")",,,,,,,,,,,,,,,,,,,,,B.1.351,
K837N (NSP3),,,,,,,,,,,,,,,,,,,,,B.1.351,
L18F (S),,,,,,,,,,,,,,,,,,,,P.1,,
T20N (S),,,,,,,,,,,,,,,,,,,,P.1,,
P26S (S),,,,,,,,,,,,,,,,,,,,P.1,,
D138Y (S),,,,,,,,,,,,,,,,,,,,P.1,,
R190S (S),,,,,,,,,,,,,,,,,,,,P.1,,
K417T (S),,,,,,,,,,,,,,,,,,,,P.1,,
H655Y (S),,,,,,,,,,,,,20C/H655Y - Brittany,,,,,,,P.1,,
T1027I (S),,,,,,,,,,,,,,,,,,,,P.1,,
E92K (ORF8),,,,,,,,,,,,,,A.23.1,,,,,,P.1,,
P80R (N),,,,,,,,,,,,,,,,,,,,P.1,,
S370L (NSP3),,,,,,,,,,,,,,,,,,,,P.1,,
E341D (NSP13),,,,,,,,,,,,,,,,,,,,P.1,,
K977Q (NSP3),,,,,,,,,,,,,,,,,,,,P.1,,
S253P (ORF3a),,,,,,,,,,,,,,,,,,,,P.1,,
S13I (S),,,,,,,,,,,,,,,,,,,B.1.429,,,
W152C (S),,,,,,,,,,,,,,,,,,,B.1.429,,,
L452R (S),,B1.617.3,B1.617.2,B1.617.1,Mayotte,,,,,,,,,,,,,B.1.427,B.1.429,,,
D260Y (NSP13),,,,,,,,,,,,,,,,,,B.1.427,B.1.429,,,
I65V (NSP9),,,,,,,,,,,,,,,,,,,B.1.429,,,
"g27890t (""3'UTR"")",,,,,,,,,,,,,,,,,,,B.1.429,,,
S395T (NSP4),,,,,,,,,,,,,,,,,,B.1.427,B.1.429,,,
"a28272t (""3'UTR"")",,,,,,,,,,,,,,,,,,B.1.427,B.1.429,,,
P53L (NSP13),,,,,,,,,,,,,,,,,,B.1.427,,,,
Q52R (S),,,,,,,,,,,,,,,,,B.1.525,,,,,
Q677H (S),,,,,,,,,,,,,,,,,B.1.525,,,,,
F888L (S),,,,,,,,,,,,,,,,,B.1.525,,,,,
F2del (ORF6),,,,,,,,,,,,,,,,,B.1.525,,,,,
DS2;3-Y2,,,,,,,,,,,,,,,,,B.1.525,,,,,
P314F (ORF1),,,,,,,,,,,,,,,,,B.1.525,,,,,
A12G (N),,,,,,,,,,,,,,,,,B.1.525,,,,,
I82T (M),,,B1.617.2,,,,,,,B.1.1.318 - Global,,,,,,,B.1.525,,,,,
L21F (E) ,,,,,,,,,,,,,,,,,B.1.525,,,,,
T1189I (NSP3),,,,,,,,,,,,,,,,,B.1.525,,,,,
L438P (NSP4),,,,,,,,,,,,P.3 - Philippines,,,,B.1.526,,,,,,
Q57* (ORF3a),,,,,,,,,,,,,,,,B.1.526,,,,,,
Q88H (NSP13),,,,,,,,,,,,,,,,B.1.526,,,,,,
L5F (S),,,,,,,,,,,,,,,,B.1.526,,,,,,B.1.1.7
T95I (S),,,,,,,,,,,,,,,,B.1.526,,,,,,
D253G (S),,,,,,,,,,,,,,,,B.1.526,,,,,,
T11I (ORF8),,,,,,,,,,,,,,,,B.1.526,,,,,,
P42L (ORF3a),,,,,,,,,,,,,,,,B.1.526,,,,,,
P199L (N),,,,,,,,,,,,,,,,B.1.526,,,,,,
M234I (N),B1.618,,,,,,,,,,,,,,,B.1.526,,,,,,
I49V,,,,,,,,,,,,,,,B.1.1.519,,,,,,,
T35I,,,,,,,,,,,,,,,B.1.1.519,,,,,,,
T478K,,,B1.617.2,,,,,,,,,,,,B.1.1.519,,,,,,,
T732A,,,,,,,,,,,,,,,B.1.1.519,,,,,,,
P141S,,,,,,,,,,,,,,,B.1.1.519,,,,,,,
F157L (S),,,,,,,,,,,,,,A.23.1,,,,,,,,
V367F (S),,,,,,,,,,,,,,A.23.1,,,,,,,,
Q613H (S),,,,,,,,,,,,,,A.23.1,,,,,,,,
P681R (S),,B1.617.3,B1.617.2,B1.617.1,,,,,,,,,,A.23.1,,,,,,,,
R32P (N),,,,,,,,,,,,,,A.23.1,,,,,,,,
L98F (NSP6),,,,,,,,,,,,,,A.23.1,,,,,,,,
S202N (N),,,,,Mayotte,,,,,,,,,A.23.1,,,,,,,,
"g29742a (""3'UTR"")",,,,,Mayotte,,,,,,,,,A.23.1,,,,,,,,
M86I (NSP6),,,,,,,,,,,,,,A.23.1,,,,,,,,
M183I (NSP6),,,,,,,,,,,,,,A.23.1,,,,,,,,
H66D (S),,,,,,,,,,,,,20C/H655Y - Brittany,,,,,,,,,
G142V (S),,,,,,,,,,,,,20C/H655Y - Brittany,,,,,,,,,
V483A (S),,,,,,,,,,,,,20C/H655Y - Brittany,,,,,,,,,
G669S (S),,,,,,,,,,,,,20C/H655Y - Brittany,,,,,,,,,
Q949R (S),,,,,,,,,,,,,20C/H655Y - Brittany,,,,,,,,,
N1187D (S),,,,,,,,,,,,,20C/H655Y - Brittany,,,,,,,,,
A8V (ORF10),,,,,,,,,,,,,20C/H655Y - Brittany,,,,,,,,,
F43F (S),,,,,,,,,,,,,20C/H655Y - Brittany,,,,,,,,,
L37F (NSP5),,,,,,,,,,,,,20C/H655Y - Brittany,,,,,,,,,
Q813R (NSP12b),,,,,,,,,,,,,20C/H655Y - Brittany,,,,,,,,,
F20L (E),,,,,,,,,,,,,20C/H655Y - Brittany,,,,,,,,,
K277R (NSP16),,,,,,,,,,,,,20C/H655Y - Brittany,,,,,,,,,
*122R (ORF7a),,,,,,,,,,,,,20C/H655Y - Brittany,,,,,,,,,
T325I (N),,,,,,,,,,,,,20C/H655Y - Brittany,,,,,,,,,
H125Y (M),,,,,,,,,,,,,20C/H655Y - Brittany,,,,,,,,,
L157F (NSP14),,,,,,,,,,,,,20C/H655Y - Brittany,,,,,,,,,
N506S (NSP3),,,,,,,,,,,,,20C/H655Y - Brittany,,,,,,,,,
T820I (NSP3),,,,,,,,,,,,,20C/H655Y - Brittany,,,,,,,,,
T30I (E),,,,,,,,,,,,,20C/H655Y - Brittany,,,,,,,,,
S1443Y (NSP3),,,,,,,,,,,,,20C/H655Y - Brittany,,,,,,,,,
Y397H (NSP4),,,,,,,,,,,,,20C/H655Y - Brittany,,,,,,,,,
T140I (NSP16),,,,,,,,,,,,,20C/H655Y - Brittany,,,,,,,,,
D736G (NSP3),,,,,,,,,,,,P.3 - Philippines,,,,,,,,,,
D217N (NSP4),,,,,,,,,,,,P.3 - Philippines,,,,,,,,,,
K2Q (ORF8),,,,,,,,,,,,P.3 - Philippines,,,,,,,,,,
D112E (NSP6),,,,,,,,,,,,P.3 - Philippines,,,,,,,,,,
E1092K (S),,,,,,,,,,,,P.3 - Philippines,,,,,,,,,,
S1807F (NSP3),,,,,,,,,,,,P.3 - Philippines,,,,,,,,,,
H1101Y (S),,,,,,,,,,,,P.3 - Philippines,,,,,,,,,,
L280F (NSP13),,,,,,,,,,,,P.3 - Philippines,,,,,,,,,,
"c29724t (""3'UTR"")",,,,,,,,,,,,P.3 - Philippines,,,,,,,,,,
A368V (NSP13),,,,,,,,,,,,P.3 - Philippines,,,,,,,,,,
L141del (S),,,,,,,AT.1 - St Petersburg,,,,,P.3 - Philippines,,,,,,,,,,
G142del (S),,,,,,,AT.1 - St Petersburg,,,,,P.3 - Philippines,,,,,,,,,,
V143del (S),,,,,,,AT.1 - St Petersburg,,,,,P.3 - Philippines,,,,,,,,,,
L71F (NSP7),,,,,,,,,,,P.2 - Rio de jeneiro,P.3 - Philippines,,,,,,,,,,
A119S (N),B1.618,,,,,,,,,,P.2 - Rio de jeneiro,,,,,,,,,,,
L205V (NSP5),,,,,,,,,,,P.2 - Rio de jeneiro,,,,,,,,,,,
"c100t (""5' UTR"")",,,,,,,,,,,P.2 - Rio de jeneiro,,,,,,,,,,,
"c29754t (""3'UTR"")",,,,,,,,,,,P.2 - Rio de jeneiro,,,,,,,,,,,
A208Del (N),,,,,,,,,,B.1.1.318 - Global,,,,,,,,,,,,
"a28271g (""3'UTR"")",,,,,,,AT.1 - St Petersburg,,B.1.620 - Global,B.1.1.318 - Global,,,,,,,,,,,,
A446V (NSP4),,,,,,,,,,B.1.1.318 - Global,,,,,B.1.526.1,,,,,,,
T21I (NSP5),,,,,,,,,,B.1.1.318 - Global,,,,,,,,,,,,
D796H (S),,,,,,,,,,B.1.1.318 - Global,,,,,,,,,,,,
K1693N (NSP3),,,,,,,,,,B.1.1.318 - Global,,,,,,,,,,,,
E106* (ORF8),,,,,,,,,,B.1.1.318 - Global,,,,,,,,,,,,
T173I (NSP4),,,,,,,,,,B.1.1.318 - Global,,,,,,,,,,,,
V320M (NSP15),,,,,,,,,,B.1.1.318 - Global,,,,,,,,,,,,
c29769t (3-UTR),,,,,,,,,,B.1.1.318 - Global,,,,,,,,,,,,
L14del (ORF7b),,,,,,,,,B.1.620 - Global,,,,,,,,,,,,,
S477N (S),,,,,,,,,B.1.620 - Global,,,,,,,,,,,,,
A220V (N),,,,,,,,,B.1.620 - Global,,,,,,,,,,,,,
A292S (NSP13),,,,,,,,,B.1.620 - Global,,,,,,,,,,,,,
V126A (S),,,,,,,,,B.1.620 - Global,,,,,,,,,,,,,
T223I (NSP2),,,,,,,,,B.1.620 - Global,,,,,,,,,,,,,
V1173I (NSP3),,,,,,,,,B.1.620 - Global,,,,,,,,,,,,,
E19Del (ORF3a),,,,,,,,B.1.214.2 - Belgium,,,,,,,,,,,,,,
N450K (S),,,,,,,,B.1.214.2 - Belgium,,,,,,,,,,,,,,
Q414K (S),,,,,,,,B.1.214.2 - Belgium,,,,,,,,,,,,,,
R574G (NSP12b),,,,,,,,B.1.214.2 - Belgium,,,,,,,,,,,,,,
F140del (S),,,,,,,AT.1 - St Petersburg,,,,,,,,,,,,,,,
C136del (S),,,,,,,AT.1 - St Petersburg,,,,,,,,,,,,,,,
N137del (S),,,,,,,AT.1 - St Petersburg,,,,,,,,,,,,,,,
P139del (S),,,,,,,AT.1 - St Petersburg,,,,,,,,,,,,,,,
P9L (S),,,,,,,AT.1 - St Petersburg,,,,,,,,,,,,,,,
L16I (M),,,,,,,AT.1 - St Petersburg,,,,,,,,,,,,,,,
E780K (S),,,,,,,AT.1 - St Petersburg,,,,,,,,,,,,,,,
L95M (ORF3a),,,,,,,AT.1 - St Petersburg,,,,,,,,,,,,,,,
S177T (NSP8),,,,,,,AT.1 - St Petersburg,,,,,,,,,,,,,,,
T492I (NSP4),,,,,,,AT.1 - St Petersburg,,,,,,,,B.1.1.519,,,,,,,
S196L (NSP2),,,,,,,AT.1 - St Petersburg,,,,,,,,,,,,,,,
Q160R (NSP6),,,,,,,AT.1 - St Petersburg,,,,,,,,,,,,,,,
V62V (ORF8),,,,,,,AT.1 - St Petersburg,,,,,,,,,,,,,,,
H245P (S),,,,,,,AT.1 - St Petersburg,,,,,,,,,,,,,,,
V381L (NSP14),,,,,,,AT.1 - St Petersburg,,,,,,,,,,,,,,,
T275A (NSP3),,,,,,,AT.1 - St Petersburg,,,,,,,,,,,,,,,
V188F (NSP3),,,,,,,AT.1 - St Petersburg,,,,,,,,,,,,,,,
T1429N (NSP3),,,,,,,AT.1 - St Petersburg,,,,,,,,,,,,,,,
Q70Q (ORF3a),,,,,,,AT.1 - St Petersburg,,,,,,,,,,,,,,,
Y156C (ORF3a),,,,,,AP.1 - Wales,,,,,,,,,,,,,,,,
M271I (NSP15),,,,,,AP.1 - Wales,,,,,,,,,,,,,,,,
S126L (NSP3),,,,,,AP.1 - Wales,,,,,,,,,,,,,,,,
P132L (NSP5),,,,,,AP.1 - Wales,,,,,,,,,,,,,,,,
T14I (ORF7a),,,,,,AP.1 - Wales,,,,,,,,,,,,,,,,
"t26504c (""3'UTR"")",,,,,,AP.1 - Wales,,,,,,,,,,,,,,,,
Q9H (N),,,,,,AP.1 - Wales,,,,,,,,,,,,,,,,
H1539Y (NSP3),,,,,,AP.1 - Wales,,,,,,,,,,,,,,,,
N82S (NSP6),,,,,Mayotte,,,,,,,,,,,,,,,,,
A653V (S),,,,,Mayotte,,,,,,,,,,,,,,,,,
D796Y,,,,,Mayotte,,,,,,,,,,,,,,,,,
P77L (NSP13),,,B1.617.2,,Mayotte,,,,,,,,,,,,,,,,,
"a28273t (""3'UTR"")",,,,,Mayotte,,,,,,,,,,,,,,,,,
D217G (NSP4),,,,,Mayotte,,,,,,,,,,,,,,,,,
E484Q,,B1.617.3,,B1.617.1,,,,,,,,,,,,,,,,,,
Q1071H,,,,B1.617.1,,,,,,,,,,,,,,,,,,
E154K,,,,B1.617.1,,,,,,,,,,,,,,,,,,
T77A,,,,B1.617.1,,,,,,,,,,,,,,,,,,
G142D,,,B1.617.2,B1.617.1,,,,,,,,,,,,,,,,,,
K259R,,,,B1.617.1,,,,,,,,,,,,,,,,,,
M429I,,,,B1.617.1,,,,,,,,,,,,,,,,,,
T749I,,,,B1.617.1,,,,,,,,,,,,,,,,,,
D377Y,,B1.617.3,B1.617.2,B1.617.1,,,,,,,,,,,,,,,,,,
D119Del,,,B1.617.2,,,,,,,,,,,,,,,,,,,
D63G,,,B1.617.2,,,,,,,,,,,,,,,,,,,
G622S,,,B1.617.2,,,,,,,,,,,,,,,,,,,
EFR156G,,,B1.617.2,,,,,,,,,,,,,,,,,,,
S26L,,,B1.617.2,,,,,,,,,,,,,,,,,,,
R203M,,B1.617.3,B1.617.2,,,,,,,,,,,,,,,,,,,
V82A,,B1.617.3,B1.617.2,,,,,,,,,,,,,,,,,,,
T19R,,B1.617.3,B1.617.2,,,,,,,,,,,,,,,,,,,
T120I,,,B1.617.2,,,,,,,,,,,,,,,,,,,
D950N,,,B1.617.2,,,,,,,,,,,,,,,,,,,
A1526V,,B1.617.3,,,,,,,,,,,,,,,,,,,,
T1830I,,B1.617.3,,,,,,,,,,,,,,,,,,,,
A194S,,B1.617.3,,,,,,,,,,,,,,,,,,,,
P67S,,B1.617.3,,,,,,,,,,,,,,,,,,,,
A117V,,B1.617.3,,,,,,,,,,,,,,,,,,,,
T26I,,B1.617.3,,,,,,,,,,,,,,,,,,,,
Y277C,B1.618,,,,,,,,,,,,,,,,,,,,,
Q29L,B1.618,,,,,,,,,,,,,,,,,,,,,
E33*,B1.618,,,,,,,,,,,,,,,,,,,,,
S371G,B1.618,,,,,,,,,,,,,,,,,,,,,
S697F,B1.618,,,,,,,,,,,,,,,,,,,,,
P34S,B1.618,,,,,,,,,,,,,,,,,,,,,
E367Q,B1.618,,,,,,,,,,,,,,,,,,,,,
G18S,B1.618,,,,,,,,,,,,,,,,,,,,,
E3*,B1.618,,,,,,,,,,,,,,,,,,,,,
D260N,B1.618,,,,,,,,,,,,,,,,,,,,,
T151I,B1.618,,,,,,,,,,,,,,,,,,,,,
A217S,B1.618,,,,,,,,,,,,,,,,,,,,,
